object_id,class,split,object_path
airplane_0627,airplane,test,airplane/test/airplane_0627.off
airplane_0628,airplane,test,airplane/test/airplane_0628.off
airplane_0629,airplane,test,airplane/test/airplane_0629.off
airplane_0630,airplane,test,airplane/test/airplane_0630.off
airplane_0631,airplane,test,airplane/test/airplane_0631.off
airplane_0632,airplane,test,airplane/test/airplane_0632.off
airplane_0633,airplane,test,airplane/test/airplane_0633.off
airplane_0634,airplane,test,airplane/test/airplane_0634.off
airplane_0635,airplane,test,airplane/test/airplane_0635.off
airplane_0636,airplane,test,airplane/test/airplane_0636.off
airplane_0637,airplane,test,airplane/test/airplane_0637.off
airplane_0638,airplane,test,airplane/test/airplane_0638.off
airplane_0639,airplane,test,airplane/test/airplane_0639.off
airplane_0640,airplane,test,airplane/test/airplane_0640.off
airplane_0641,airplane,test,airplane/test/airplane_0641.off
airplane_0642,airplane,test,airplane/test/airplane_0642.off
airplane_0643,airplane,test,airplane/test/airplane_0643.off
airplane_0644,airplane,test,airplane/test/airplane_0644.off
airplane_0645,airplane,test,airplane/test/airplane_0645.off
airplane_0646,airplane,test,airplane/test/airplane_0646.off
airplane_0647,airplane,test,airplane/test/airplane_0647.off
airplane_0648,airplane,test,airplane/test/airplane_0648.off
airplane_0649,airplane,test,airplane/test/airplane_0649.off
airplane_0650,airplane,test,airplane/test/airplane_0650.off
airplane_0651,airplane,test,airplane/test/airplane_0651.off
airplane_0652,airplane,test,airplane/test/airplane_0652.off
airplane_0653,airplane,test,airplane/test/airplane_0653.off
airplane_0654,airplane,test,airplane/test/airplane_0654.off
airplane_0655,airplane,test,airplane/test/airplane_0655.off
airplane_0656,airplane,test,airplane/test/airplane_0656.off
airplane_0657,airplane,test,airplane/test/airplane_0657.off
airplane_0658,airplane,test,airplane/test/airplane_0658.off
airplane_0659,airplane,test,airplane/test/airplane_0659.off
airplane_0660,airplane,test,airplane/test/airplane_0660.off
airplane_0661,airplane,test,airplane/test/airplane_0661.off
airplane_0662,airplane,test,airplane/test/airplane_0662.off
airplane_0663,airplane,test,airplane/test/airplane_0663.off
airplane_0664,airplane,test,airplane/test/airplane_0664.off
airplane_0665,airplane,test,airplane/test/airplane_0665.off
airplane_0666,airplane,test,airplane/test/airplane_0666.off
airplane_0667,airplane,test,airplane/test/airplane_0667.off
airplane_0668,airplane,test,airplane/test/airplane_0668.off
airplane_0669,airplane,test,airplane/test/airplane_0669.off
airplane_0670,airplane,test,airplane/test/airplane_0670.off
airplane_0671,airplane,test,airplane/test/airplane_0671.off
airplane_0672,airplane,test,airplane/test/airplane_0672.off
airplane_0673,airplane,test,airplane/test/airplane_0673.off
airplane_0674,airplane,test,airplane/test/airplane_0674.off
airplane_0675,airplane,test,airplane/test/airplane_0675.off
airplane_0676,airplane,test,airplane/test/airplane_0676.off
airplane_0677,airplane,test,airplane/test/airplane_0677.off
airplane_0678,airplane,test,airplane/test/airplane_0678.off
airplane_0679,airplane,test,airplane/test/airplane_0679.off
airplane_0680,airplane,test,airplane/test/airplane_0680.off
airplane_0681,airplane,test,airplane/test/airplane_0681.off
airplane_0682,airplane,test,airplane/test/airplane_0682.off
airplane_0683,airplane,test,airplane/test/airplane_0683.off
airplane_0684,airplane,test,airplane/test/airplane_0684.off
airplane_0685,airplane,test,airplane/test/airplane_0685.off
airplane_0686,airplane,test,airplane/test/airplane_0686.off
airplane_0687,airplane,test,airplane/test/airplane_0687.off
airplane_0688,airplane,test,airplane/test/airplane_0688.off
airplane_0689,airplane,test,airplane/test/airplane_0689.off
airplane_0690,airplane,test,airplane/test/airplane_0690.off
airplane_0691,airplane,test,airplane/test/airplane_0691.off
airplane_0692,airplane,test,airplane/test/airplane_0692.off
airplane_0693,airplane,test,airplane/test/airplane_0693.off
airplane_0694,airplane,test,airplane/test/airplane_0694.off
airplane_0695,airplane,test,airplane/test/airplane_0695.off
airplane_0696,airplane,test,airplane/test/airplane_0696.off
airplane_0697,airplane,test,airplane/test/airplane_0697.off
airplane_0698,airplane,test,airplane/test/airplane_0698.off
airplane_0699,airplane,test,airplane/test/airplane_0699.off
airplane_0700,airplane,test,airplane/test/airplane_0700.off
airplane_0701,airplane,test,airplane/test/airplane_0701.off
airplane_0702,airplane,test,airplane/test/airplane_0702.off
airplane_0703,airplane,test,airplane/test/airplane_0703.off
airplane_0704,airplane,test,airplane/test/airplane_0704.off
airplane_0705,airplane,test,airplane/test/airplane_0705.off
airplane_0706,airplane,test,airplane/test/airplane_0706.off
airplane_0707,airplane,test,airplane/test/airplane_0707.off
airplane_0708,airplane,test,airplane/test/airplane_0708.off
airplane_0709,airplane,test,airplane/test/airplane_0709.off
airplane_0710,airplane,test,airplane/test/airplane_0710.off
airplane_0711,airplane,test,airplane/test/airplane_0711.off
airplane_0712,airplane,test,airplane/test/airplane_0712.off
airplane_0713,airplane,test,airplane/test/airplane_0713.off
airplane_0714,airplane,test,airplane/test/airplane_0714.off
airplane_0715,airplane,test,airplane/test/airplane_0715.off
airplane_0716,airplane,test,airplane/test/airplane_0716.off
airplane_0717,airplane,test,airplane/test/airplane_0717.off
airplane_0718,airplane,test,airplane/test/airplane_0718.off
airplane_0719,airplane,test,airplane/test/airplane_0719.off
airplane_0720,airplane,test,airplane/test/airplane_0720.off
airplane_0721,airplane,test,airplane/test/airplane_0721.off
airplane_0722,airplane,test,airplane/test/airplane_0722.off
airplane_0723,airplane,test,airplane/test/airplane_0723.off
airplane_0724,airplane,test,airplane/test/airplane_0724.off
airplane_0725,airplane,test,airplane/test/airplane_0725.off
airplane_0726,airplane,test,airplane/test/airplane_0726.off
airplane_0001,airplane,train,airplane/train/airplane_0001.off
airplane_0002,airplane,train,airplane/train/airplane_0002.off
airplane_0003,airplane,train,airplane/train/airplane_0003.off
airplane_0004,airplane,train,airplane/train/airplane_0004.off
airplane_0005,airplane,train,airplane/train/airplane_0005.off
airplane_0006,airplane,train,airplane/train/airplane_0006.off
airplane_0007,airplane,train,airplane/train/airplane_0007.off
airplane_0008,airplane,train,airplane/train/airplane_0008.off
airplane_0009,airplane,train,airplane/train/airplane_0009.off
airplane_0010,airplane,train,airplane/train/airplane_0010.off
airplane_0011,airplane,train,airplane/train/airplane_0011.off
airplane_0012,airplane,train,airplane/train/airplane_0012.off
airplane_0013,airplane,train,airplane/train/airplane_0013.off
airplane_0014,airplane,train,airplane/train/airplane_0014.off
airplane_0015,airplane,train,airplane/train/airplane_0015.off
airplane_0016,airplane,train,airplane/train/airplane_0016.off
airplane_0017,airplane,train,airplane/train/airplane_0017.off
airplane_0018,airplane,train,airplane/train/airplane_0018.off
airplane_0019,airplane,train,airplane/train/airplane_0019.off
airplane_0020,airplane,train,airplane/train/airplane_0020.off
airplane_0021,airplane,train,airplane/train/airplane_0021.off
airplane_0022,airplane,train,airplane/train/airplane_0022.off
airplane_0023,airplane,train,airplane/train/airplane_0023.off
airplane_0024,airplane,train,airplane/train/airplane_0024.off
airplane_0025,airplane,train,airplane/train/airplane_0025.off
airplane_0026,airplane,train,airplane/train/airplane_0026.off
airplane_0027,airplane,train,airplane/train/airplane_0027.off
airplane_0028,airplane,train,airplane/train/airplane_0028.off
airplane_0029,airplane,train,airplane/train/airplane_0029.off
airplane_0030,airplane,train,airplane/train/airplane_0030.off
airplane_0031,airplane,train,airplane/train/airplane_0031.off
airplane_0032,airplane,train,airplane/train/airplane_0032.off
airplane_0033,airplane,train,airplane/train/airplane_0033.off
airplane_0034,airplane,train,airplane/train/airplane_0034.off
airplane_0035,airplane,train,airplane/train/airplane_0035.off
airplane_0036,airplane,train,airplane/train/airplane_0036.off
airplane_0037,airplane,train,airplane/train/airplane_0037.off
airplane_0038,airplane,train,airplane/train/airplane_0038.off
airplane_0039,airplane,train,airplane/train/airplane_0039.off
airplane_0040,airplane,train,airplane/train/airplane_0040.off
airplane_0041,airplane,train,airplane/train/airplane_0041.off
airplane_0042,airplane,train,airplane/train/airplane_0042.off
airplane_0043,airplane,train,airplane/train/airplane_0043.off
airplane_0044,airplane,train,airplane/train/airplane_0044.off
airplane_0045,airplane,train,airplane/train/airplane_0045.off
airplane_0046,airplane,train,airplane/train/airplane_0046.off
airplane_0047,airplane,train,airplane/train/airplane_0047.off
airplane_0048,airplane,train,airplane/train/airplane_0048.off
airplane_0049,airplane,train,airplane/train/airplane_0049.off
airplane_0050,airplane,train,airplane/train/airplane_0050.off
airplane_0051,airplane,train,airplane/train/airplane_0051.off
airplane_0052,airplane,train,airplane/train/airplane_0052.off
airplane_0053,airplane,train,airplane/train/airplane_0053.off
airplane_0054,airplane,train,airplane/train/airplane_0054.off
airplane_0055,airplane,train,airplane/train/airplane_0055.off
airplane_0056,airplane,train,airplane/train/airplane_0056.off
airplane_0057,airplane,train,airplane/train/airplane_0057.off
airplane_0058,airplane,train,airplane/train/airplane_0058.off
airplane_0059,airplane,train,airplane/train/airplane_0059.off
airplane_0060,airplane,train,airplane/train/airplane_0060.off
airplane_0061,airplane,train,airplane/train/airplane_0061.off
airplane_0062,airplane,train,airplane/train/airplane_0062.off
airplane_0063,airplane,train,airplane/train/airplane_0063.off
airplane_0064,airplane,train,airplane/train/airplane_0064.off
airplane_0065,airplane,train,airplane/train/airplane_0065.off
airplane_0066,airplane,train,airplane/train/airplane_0066.off
airplane_0067,airplane,train,airplane/train/airplane_0067.off
airplane_0068,airplane,train,airplane/train/airplane_0068.off
airplane_0069,airplane,train,airplane/train/airplane_0069.off
airplane_0070,airplane,train,airplane/train/airplane_0070.off
airplane_0071,airplane,train,airplane/train/airplane_0071.off
airplane_0072,airplane,train,airplane/train/airplane_0072.off
airplane_0073,airplane,train,airplane/train/airplane_0073.off
airplane_0074,airplane,train,airplane/train/airplane_0074.off
airplane_0075,airplane,train,airplane/train/airplane_0075.off
airplane_0076,airplane,train,airplane/train/airplane_0076.off
airplane_0077,airplane,train,airplane/train/airplane_0077.off
airplane_0078,airplane,train,airplane/train/airplane_0078.off
airplane_0079,airplane,train,airplane/train/airplane_0079.off
airplane_0080,airplane,train,airplane/train/airplane_0080.off
airplane_0081,airplane,train,airplane/train/airplane_0081.off
airplane_0082,airplane,train,airplane/train/airplane_0082.off
airplane_0083,airplane,train,airplane/train/airplane_0083.off
airplane_0084,airplane,train,airplane/train/airplane_0084.off
airplane_0085,airplane,train,airplane/train/airplane_0085.off
airplane_0086,airplane,train,airplane/train/airplane_0086.off
airplane_0087,airplane,train,airplane/train/airplane_0087.off
airplane_0088,airplane,train,airplane/train/airplane_0088.off
airplane_0089,airplane,train,airplane/train/airplane_0089.off
airplane_0090,airplane,train,airplane/train/airplane_0090.off
airplane_0091,airplane,train,airplane/train/airplane_0091.off
airplane_0092,airplane,train,airplane/train/airplane_0092.off
airplane_0093,airplane,train,airplane/train/airplane_0093.off
airplane_0094,airplane,train,airplane/train/airplane_0094.off
airplane_0095,airplane,train,airplane/train/airplane_0095.off
airplane_0096,airplane,train,airplane/train/airplane_0096.off
airplane_0097,airplane,train,airplane/train/airplane_0097.off
airplane_0098,airplane,train,airplane/train/airplane_0098.off
airplane_0099,airplane,train,airplane/train/airplane_0099.off
airplane_0100,airplane,train,airplane/train/airplane_0100.off
airplane_0101,airplane,train,airplane/train/airplane_0101.off
airplane_0102,airplane,train,airplane/train/airplane_0102.off
airplane_0103,airplane,train,airplane/train/airplane_0103.off
airplane_0104,airplane,train,airplane/train/airplane_0104.off
airplane_0105,airplane,train,airplane/train/airplane_0105.off
airplane_0106,airplane,train,airplane/train/airplane_0106.off
airplane_0107,airplane,train,airplane/train/airplane_0107.off
airplane_0108,airplane,train,airplane/train/airplane_0108.off
airplane_0109,airplane,train,airplane/train/airplane_0109.off
airplane_0110,airplane,train,airplane/train/airplane_0110.off
airplane_0111,airplane,train,airplane/train/airplane_0111.off
airplane_0112,airplane,train,airplane/train/airplane_0112.off
airplane_0113,airplane,train,airplane/train/airplane_0113.off
airplane_0114,airplane,train,airplane/train/airplane_0114.off
airplane_0115,airplane,train,airplane/train/airplane_0115.off
airplane_0116,airplane,train,airplane/train/airplane_0116.off
airplane_0117,airplane,train,airplane/train/airplane_0117.off
airplane_0118,airplane,train,airplane/train/airplane_0118.off
airplane_0119,airplane,train,airplane/train/airplane_0119.off
airplane_0120,airplane,train,airplane/train/airplane_0120.off
airplane_0121,airplane,train,airplane/train/airplane_0121.off
airplane_0122,airplane,train,airplane/train/airplane_0122.off
airplane_0123,airplane,train,airplane/train/airplane_0123.off
airplane_0124,airplane,train,airplane/train/airplane_0124.off
airplane_0125,airplane,train,airplane/train/airplane_0125.off
airplane_0126,airplane,train,airplane/train/airplane_0126.off
airplane_0127,airplane,train,airplane/train/airplane_0127.off
airplane_0128,airplane,train,airplane/train/airplane_0128.off
airplane_0129,airplane,train,airplane/train/airplane_0129.off
airplane_0130,airplane,train,airplane/train/airplane_0130.off
airplane_0131,airplane,train,airplane/train/airplane_0131.off
airplane_0132,airplane,train,airplane/train/airplane_0132.off
airplane_0133,airplane,train,airplane/train/airplane_0133.off
airplane_0134,airplane,train,airplane/train/airplane_0134.off
airplane_0135,airplane,train,airplane/train/airplane_0135.off
airplane_0136,airplane,train,airplane/train/airplane_0136.off
airplane_0137,airplane,train,airplane/train/airplane_0137.off
airplane_0138,airplane,train,airplane/train/airplane_0138.off
airplane_0139,airplane,train,airplane/train/airplane_0139.off
airplane_0140,airplane,train,airplane/train/airplane_0140.off
airplane_0141,airplane,train,airplane/train/airplane_0141.off
airplane_0142,airplane,train,airplane/train/airplane_0142.off
airplane_0143,airplane,train,airplane/train/airplane_0143.off
airplane_0144,airplane,train,airplane/train/airplane_0144.off
airplane_0145,airplane,train,airplane/train/airplane_0145.off
airplane_0146,airplane,train,airplane/train/airplane_0146.off
airplane_0147,airplane,train,airplane/train/airplane_0147.off
airplane_0148,airplane,train,airplane/train/airplane_0148.off
airplane_0149,airplane,train,airplane/train/airplane_0149.off
airplane_0150,airplane,train,airplane/train/airplane_0150.off
airplane_0151,airplane,train,airplane/train/airplane_0151.off
airplane_0152,airplane,train,airplane/train/airplane_0152.off
airplane_0153,airplane,train,airplane/train/airplane_0153.off
airplane_0154,airplane,train,airplane/train/airplane_0154.off
airplane_0155,airplane,train,airplane/train/airplane_0155.off
airplane_0156,airplane,train,airplane/train/airplane_0156.off
airplane_0157,airplane,train,airplane/train/airplane_0157.off
airplane_0158,airplane,train,airplane/train/airplane_0158.off
airplane_0159,airplane,train,airplane/train/airplane_0159.off
airplane_0160,airplane,train,airplane/train/airplane_0160.off
airplane_0161,airplane,train,airplane/train/airplane_0161.off
airplane_0162,airplane,train,airplane/train/airplane_0162.off
airplane_0163,airplane,train,airplane/train/airplane_0163.off
airplane_0164,airplane,train,airplane/train/airplane_0164.off
airplane_0165,airplane,train,airplane/train/airplane_0165.off
airplane_0166,airplane,train,airplane/train/airplane_0166.off
airplane_0167,airplane,train,airplane/train/airplane_0167.off
airplane_0168,airplane,train,airplane/train/airplane_0168.off
airplane_0169,airplane,train,airplane/train/airplane_0169.off
airplane_0170,airplane,train,airplane/train/airplane_0170.off
airplane_0171,airplane,train,airplane/train/airplane_0171.off
airplane_0172,airplane,train,airplane/train/airplane_0172.off
airplane_0173,airplane,train,airplane/train/airplane_0173.off
airplane_0174,airplane,train,airplane/train/airplane_0174.off
airplane_0175,airplane,train,airplane/train/airplane_0175.off
airplane_0176,airplane,train,airplane/train/airplane_0176.off
airplane_0177,airplane,train,airplane/train/airplane_0177.off
airplane_0178,airplane,train,airplane/train/airplane_0178.off
airplane_0179,airplane,train,airplane/train/airplane_0179.off
airplane_0180,airplane,train,airplane/train/airplane_0180.off
airplane_0181,airplane,train,airplane/train/airplane_0181.off
airplane_0182,airplane,train,airplane/train/airplane_0182.off
airplane_0183,airplane,train,airplane/train/airplane_0183.off
airplane_0184,airplane,train,airplane/train/airplane_0184.off
airplane_0185,airplane,train,airplane/train/airplane_0185.off
airplane_0186,airplane,train,airplane/train/airplane_0186.off
airplane_0187,airplane,train,airplane/train/airplane_0187.off
airplane_0188,airplane,train,airplane/train/airplane_0188.off
airplane_0189,airplane,train,airplane/train/airplane_0189.off
airplane_0190,airplane,train,airplane/train/airplane_0190.off
airplane_0191,airplane,train,airplane/train/airplane_0191.off
airplane_0192,airplane,train,airplane/train/airplane_0192.off
airplane_0193,airplane,train,airplane/train/airplane_0193.off
airplane_0194,airplane,train,airplane/train/airplane_0194.off
airplane_0195,airplane,train,airplane/train/airplane_0195.off
airplane_0196,airplane,train,airplane/train/airplane_0196.off
airplane_0197,airplane,train,airplane/train/airplane_0197.off
airplane_0198,airplane,train,airplane/train/airplane_0198.off
airplane_0199,airplane,train,airplane/train/airplane_0199.off
airplane_0200,airplane,train,airplane/train/airplane_0200.off
airplane_0201,airplane,train,airplane/train/airplane_0201.off
airplane_0202,airplane,train,airplane/train/airplane_0202.off
airplane_0203,airplane,train,airplane/train/airplane_0203.off
airplane_0204,airplane,train,airplane/train/airplane_0204.off
airplane_0205,airplane,train,airplane/train/airplane_0205.off
airplane_0206,airplane,train,airplane/train/airplane_0206.off
airplane_0207,airplane,train,airplane/train/airplane_0207.off
airplane_0208,airplane,train,airplane/train/airplane_0208.off
airplane_0209,airplane,train,airplane/train/airplane_0209.off
airplane_0210,airplane,train,airplane/train/airplane_0210.off
airplane_0211,airplane,train,airplane/train/airplane_0211.off
airplane_0212,airplane,train,airplane/train/airplane_0212.off
airplane_0213,airplane,train,airplane/train/airplane_0213.off
airplane_0214,airplane,train,airplane/train/airplane_0214.off
airplane_0215,airplane,train,airplane/train/airplane_0215.off
airplane_0216,airplane,train,airplane/train/airplane_0216.off
airplane_0217,airplane,train,airplane/train/airplane_0217.off
airplane_0218,airplane,train,airplane/train/airplane_0218.off
airplane_0219,airplane,train,airplane/train/airplane_0219.off
airplane_0220,airplane,train,airplane/train/airplane_0220.off
airplane_0221,airplane,train,airplane/train/airplane_0221.off
airplane_0222,airplane,train,airplane/train/airplane_0222.off
airplane_0223,airplane,train,airplane/train/airplane_0223.off
airplane_0224,airplane,train,airplane/train/airplane_0224.off
airplane_0225,airplane,train,airplane/train/airplane_0225.off
airplane_0226,airplane,train,airplane/train/airplane_0226.off
airplane_0227,airplane,train,airplane/train/airplane_0227.off
airplane_0228,airplane,train,airplane/train/airplane_0228.off
airplane_0229,airplane,train,airplane/train/airplane_0229.off
airplane_0230,airplane,train,airplane/train/airplane_0230.off
airplane_0231,airplane,train,airplane/train/airplane_0231.off
airplane_0232,airplane,train,airplane/train/airplane_0232.off
airplane_0233,airplane,train,airplane/train/airplane_0233.off
airplane_0234,airplane,train,airplane/train/airplane_0234.off
airplane_0235,airplane,train,airplane/train/airplane_0235.off
airplane_0236,airplane,train,airplane/train/airplane_0236.off
airplane_0237,airplane,train,airplane/train/airplane_0237.off
airplane_0238,airplane,train,airplane/train/airplane_0238.off
airplane_0239,airplane,train,airplane/train/airplane_0239.off
airplane_0240,airplane,train,airplane/train/airplane_0240.off
airplane_0241,airplane,train,airplane/train/airplane_0241.off
airplane_0242,airplane,train,airplane/train/airplane_0242.off
airplane_0243,airplane,train,airplane/train/airplane_0243.off
airplane_0244,airplane,train,airplane/train/airplane_0244.off
airplane_0245,airplane,train,airplane/train/airplane_0245.off
airplane_0246,airplane,train,airplane/train/airplane_0246.off
airplane_0247,airplane,train,airplane/train/airplane_0247.off
airplane_0248,airplane,train,airplane/train/airplane_0248.off
airplane_0249,airplane,train,airplane/train/airplane_0249.off
airplane_0250,airplane,train,airplane/train/airplane_0250.off
airplane_0251,airplane,train,airplane/train/airplane_0251.off
airplane_0252,airplane,train,airplane/train/airplane_0252.off
airplane_0253,airplane,train,airplane/train/airplane_0253.off
airplane_0254,airplane,train,airplane/train/airplane_0254.off
airplane_0255,airplane,train,airplane/train/airplane_0255.off
airplane_0256,airplane,train,airplane/train/airplane_0256.off
airplane_0257,airplane,train,airplane/train/airplane_0257.off
airplane_0258,airplane,train,airplane/train/airplane_0258.off
airplane_0259,airplane,train,airplane/train/airplane_0259.off
airplane_0260,airplane,train,airplane/train/airplane_0260.off
airplane_0261,airplane,train,airplane/train/airplane_0261.off
airplane_0262,airplane,train,airplane/train/airplane_0262.off
airplane_0263,airplane,train,airplane/train/airplane_0263.off
airplane_0264,airplane,train,airplane/train/airplane_0264.off
airplane_0265,airplane,train,airplane/train/airplane_0265.off
airplane_0266,airplane,train,airplane/train/airplane_0266.off
airplane_0267,airplane,train,airplane/train/airplane_0267.off
airplane_0268,airplane,train,airplane/train/airplane_0268.off
airplane_0269,airplane,train,airplane/train/airplane_0269.off
airplane_0270,airplane,train,airplane/train/airplane_0270.off
airplane_0271,airplane,train,airplane/train/airplane_0271.off
airplane_0272,airplane,train,airplane/train/airplane_0272.off
airplane_0273,airplane,train,airplane/train/airplane_0273.off
airplane_0274,airplane,train,airplane/train/airplane_0274.off
airplane_0275,airplane,train,airplane/train/airplane_0275.off
airplane_0276,airplane,train,airplane/train/airplane_0276.off
airplane_0277,airplane,train,airplane/train/airplane_0277.off
airplane_0278,airplane,train,airplane/train/airplane_0278.off
airplane_0279,airplane,train,airplane/train/airplane_0279.off
airplane_0280,airplane,train,airplane/train/airplane_0280.off
airplane_0281,airplane,train,airplane/train/airplane_0281.off
airplane_0282,airplane,train,airplane/train/airplane_0282.off
airplane_0283,airplane,train,airplane/train/airplane_0283.off
airplane_0284,airplane,train,airplane/train/airplane_0284.off
airplane_0285,airplane,train,airplane/train/airplane_0285.off
airplane_0286,airplane,train,airplane/train/airplane_0286.off
airplane_0287,airplane,train,airplane/train/airplane_0287.off
airplane_0288,airplane,train,airplane/train/airplane_0288.off
airplane_0289,airplane,train,airplane/train/airplane_0289.off
airplane_0290,airplane,train,airplane/train/airplane_0290.off
airplane_0291,airplane,train,airplane/train/airplane_0291.off
airplane_0292,airplane,train,airplane/train/airplane_0292.off
airplane_0293,airplane,train,airplane/train/airplane_0293.off
airplane_0294,airplane,train,airplane/train/airplane_0294.off
airplane_0295,airplane,train,airplane/train/airplane_0295.off
airplane_0296,airplane,train,airplane/train/airplane_0296.off
airplane_0297,airplane,train,airplane/train/airplane_0297.off
airplane_0298,airplane,train,airplane/train/airplane_0298.off
airplane_0299,airplane,train,airplane/train/airplane_0299.off
airplane_0300,airplane,train,airplane/train/airplane_0300.off
airplane_0301,airplane,train,airplane/train/airplane_0301.off
airplane_0302,airplane,train,airplane/train/airplane_0302.off
airplane_0303,airplane,train,airplane/train/airplane_0303.off
airplane_0304,airplane,train,airplane/train/airplane_0304.off
airplane_0305,airplane,train,airplane/train/airplane_0305.off
airplane_0306,airplane,train,airplane/train/airplane_0306.off
airplane_0307,airplane,train,airplane/train/airplane_0307.off
airplane_0308,airplane,train,airplane/train/airplane_0308.off
airplane_0309,airplane,train,airplane/train/airplane_0309.off
airplane_0310,airplane,train,airplane/train/airplane_0310.off
airplane_0311,airplane,train,airplane/train/airplane_0311.off
airplane_0312,airplane,train,airplane/train/airplane_0312.off
airplane_0313,airplane,train,airplane/train/airplane_0313.off
airplane_0314,airplane,train,airplane/train/airplane_0314.off
airplane_0315,airplane,train,airplane/train/airplane_0315.off
airplane_0316,airplane,train,airplane/train/airplane_0316.off
airplane_0317,airplane,train,airplane/train/airplane_0317.off
airplane_0318,airplane,train,airplane/train/airplane_0318.off
airplane_0319,airplane,train,airplane/train/airplane_0319.off
airplane_0320,airplane,train,airplane/train/airplane_0320.off
airplane_0321,airplane,train,airplane/train/airplane_0321.off
airplane_0322,airplane,train,airplane/train/airplane_0322.off
airplane_0323,airplane,train,airplane/train/airplane_0323.off
airplane_0324,airplane,train,airplane/train/airplane_0324.off
airplane_0325,airplane,train,airplane/train/airplane_0325.off
airplane_0326,airplane,train,airplane/train/airplane_0326.off
airplane_0327,airplane,train,airplane/train/airplane_0327.off
airplane_0328,airplane,train,airplane/train/airplane_0328.off
airplane_0329,airplane,train,airplane/train/airplane_0329.off
airplane_0330,airplane,train,airplane/train/airplane_0330.off
airplane_0331,airplane,train,airplane/train/airplane_0331.off
airplane_0332,airplane,train,airplane/train/airplane_0332.off
airplane_0333,airplane,train,airplane/train/airplane_0333.off
airplane_0334,airplane,train,airplane/train/airplane_0334.off
airplane_0335,airplane,train,airplane/train/airplane_0335.off
airplane_0336,airplane,train,airplane/train/airplane_0336.off
airplane_0337,airplane,train,airplane/train/airplane_0337.off
airplane_0338,airplane,train,airplane/train/airplane_0338.off
airplane_0339,airplane,train,airplane/train/airplane_0339.off
airplane_0340,airplane,train,airplane/train/airplane_0340.off
airplane_0341,airplane,train,airplane/train/airplane_0341.off
airplane_0342,airplane,train,airplane/train/airplane_0342.off
airplane_0343,airplane,train,airplane/train/airplane_0343.off
airplane_0344,airplane,train,airplane/train/airplane_0344.off
airplane_0345,airplane,train,airplane/train/airplane_0345.off
airplane_0346,airplane,train,airplane/train/airplane_0346.off
airplane_0347,airplane,train,airplane/train/airplane_0347.off
airplane_0348,airplane,train,airplane/train/airplane_0348.off
airplane_0349,airplane,train,airplane/train/airplane_0349.off
airplane_0350,airplane,train,airplane/train/airplane_0350.off
airplane_0351,airplane,train,airplane/train/airplane_0351.off
airplane_0352,airplane,train,airplane/train/airplane_0352.off
airplane_0353,airplane,train,airplane/train/airplane_0353.off
airplane_0354,airplane,train,airplane/train/airplane_0354.off
airplane_0355,airplane,train,airplane/train/airplane_0355.off
airplane_0356,airplane,train,airplane/train/airplane_0356.off
airplane_0357,airplane,train,airplane/train/airplane_0357.off
airplane_0358,airplane,train,airplane/train/airplane_0358.off
airplane_0359,airplane,train,airplane/train/airplane_0359.off
airplane_0360,airplane,train,airplane/train/airplane_0360.off
airplane_0361,airplane,train,airplane/train/airplane_0361.off
airplane_0362,airplane,train,airplane/train/airplane_0362.off
airplane_0363,airplane,train,airplane/train/airplane_0363.off
airplane_0364,airplane,train,airplane/train/airplane_0364.off
airplane_0365,airplane,train,airplane/train/airplane_0365.off
airplane_0366,airplane,train,airplane/train/airplane_0366.off
airplane_0367,airplane,train,airplane/train/airplane_0367.off
airplane_0368,airplane,train,airplane/train/airplane_0368.off
airplane_0369,airplane,train,airplane/train/airplane_0369.off
airplane_0370,airplane,train,airplane/train/airplane_0370.off
airplane_0371,airplane,train,airplane/train/airplane_0371.off
airplane_0372,airplane,train,airplane/train/airplane_0372.off
airplane_0373,airplane,train,airplane/train/airplane_0373.off
airplane_0374,airplane,train,airplane/train/airplane_0374.off
airplane_0375,airplane,train,airplane/train/airplane_0375.off
airplane_0376,airplane,train,airplane/train/airplane_0376.off
airplane_0377,airplane,train,airplane/train/airplane_0377.off
airplane_0378,airplane,train,airplane/train/airplane_0378.off
airplane_0379,airplane,train,airplane/train/airplane_0379.off
airplane_0380,airplane,train,airplane/train/airplane_0380.off
airplane_0381,airplane,train,airplane/train/airplane_0381.off
airplane_0382,airplane,train,airplane/train/airplane_0382.off
airplane_0383,airplane,train,airplane/train/airplane_0383.off
airplane_0384,airplane,train,airplane/train/airplane_0384.off
airplane_0385,airplane,train,airplane/train/airplane_0385.off
airplane_0386,airplane,train,airplane/train/airplane_0386.off
airplane_0387,airplane,train,airplane/train/airplane_0387.off
airplane_0388,airplane,train,airplane/train/airplane_0388.off
airplane_0389,airplane,train,airplane/train/airplane_0389.off
airplane_0390,airplane,train,airplane/train/airplane_0390.off
airplane_0391,airplane,train,airplane/train/airplane_0391.off
airplane_0392,airplane,train,airplane/train/airplane_0392.off
airplane_0393,airplane,train,airplane/train/airplane_0393.off
airplane_0394,airplane,train,airplane/train/airplane_0394.off
airplane_0395,airplane,train,airplane/train/airplane_0395.off
airplane_0396,airplane,train,airplane/train/airplane_0396.off
airplane_0397,airplane,train,airplane/train/airplane_0397.off
airplane_0398,airplane,train,airplane/train/airplane_0398.off
airplane_0399,airplane,train,airplane/train/airplane_0399.off
airplane_0400,airplane,train,airplane/train/airplane_0400.off
airplane_0401,airplane,train,airplane/train/airplane_0401.off
airplane_0402,airplane,train,airplane/train/airplane_0402.off
airplane_0403,airplane,train,airplane/train/airplane_0403.off
airplane_0404,airplane,train,airplane/train/airplane_0404.off
airplane_0405,airplane,train,airplane/train/airplane_0405.off
airplane_0406,airplane,train,airplane/train/airplane_0406.off
airplane_0407,airplane,train,airplane/train/airplane_0407.off
airplane_0408,airplane,train,airplane/train/airplane_0408.off
airplane_0409,airplane,train,airplane/train/airplane_0409.off
airplane_0410,airplane,train,airplane/train/airplane_0410.off
airplane_0411,airplane,train,airplane/train/airplane_0411.off
airplane_0412,airplane,train,airplane/train/airplane_0412.off
airplane_0413,airplane,train,airplane/train/airplane_0413.off
airplane_0414,airplane,train,airplane/train/airplane_0414.off
airplane_0415,airplane,train,airplane/train/airplane_0415.off
airplane_0416,airplane,train,airplane/train/airplane_0416.off
airplane_0417,airplane,train,airplane/train/airplane_0417.off
airplane_0418,airplane,train,airplane/train/airplane_0418.off
airplane_0419,airplane,train,airplane/train/airplane_0419.off
airplane_0420,airplane,train,airplane/train/airplane_0420.off
airplane_0421,airplane,train,airplane/train/airplane_0421.off
airplane_0422,airplane,train,airplane/train/airplane_0422.off
airplane_0423,airplane,train,airplane/train/airplane_0423.off
airplane_0424,airplane,train,airplane/train/airplane_0424.off
airplane_0425,airplane,train,airplane/train/airplane_0425.off
airplane_0426,airplane,train,airplane/train/airplane_0426.off
airplane_0427,airplane,train,airplane/train/airplane_0427.off
airplane_0428,airplane,train,airplane/train/airplane_0428.off
airplane_0429,airplane,train,airplane/train/airplane_0429.off
airplane_0430,airplane,train,airplane/train/airplane_0430.off
airplane_0431,airplane,train,airplane/train/airplane_0431.off
airplane_0432,airplane,train,airplane/train/airplane_0432.off
airplane_0433,airplane,train,airplane/train/airplane_0433.off
airplane_0434,airplane,train,airplane/train/airplane_0434.off
airplane_0435,airplane,train,airplane/train/airplane_0435.off
airplane_0436,airplane,train,airplane/train/airplane_0436.off
airplane_0437,airplane,train,airplane/train/airplane_0437.off
airplane_0438,airplane,train,airplane/train/airplane_0438.off
airplane_0439,airplane,train,airplane/train/airplane_0439.off
airplane_0440,airplane,train,airplane/train/airplane_0440.off
airplane_0441,airplane,train,airplane/train/airplane_0441.off
airplane_0442,airplane,train,airplane/train/airplane_0442.off
airplane_0443,airplane,train,airplane/train/airplane_0443.off
airplane_0444,airplane,train,airplane/train/airplane_0444.off
airplane_0445,airplane,train,airplane/train/airplane_0445.off
airplane_0446,airplane,train,airplane/train/airplane_0446.off
airplane_0447,airplane,train,airplane/train/airplane_0447.off
airplane_0448,airplane,train,airplane/train/airplane_0448.off
airplane_0449,airplane,train,airplane/train/airplane_0449.off
airplane_0450,airplane,train,airplane/train/airplane_0450.off
airplane_0451,airplane,train,airplane/train/airplane_0451.off
airplane_0452,airplane,train,airplane/train/airplane_0452.off
airplane_0453,airplane,train,airplane/train/airplane_0453.off
airplane_0454,airplane,train,airplane/train/airplane_0454.off
airplane_0455,airplane,train,airplane/train/airplane_0455.off
airplane_0456,airplane,train,airplane/train/airplane_0456.off
airplane_0457,airplane,train,airplane/train/airplane_0457.off
airplane_0458,airplane,train,airplane/train/airplane_0458.off
airplane_0459,airplane,train,airplane/train/airplane_0459.off
airplane_0460,airplane,train,airplane/train/airplane_0460.off
airplane_0461,airplane,train,airplane/train/airplane_0461.off
airplane_0462,airplane,train,airplane/train/airplane_0462.off
airplane_0463,airplane,train,airplane/train/airplane_0463.off
airplane_0464,airplane,train,airplane/train/airplane_0464.off
airplane_0465,airplane,train,airplane/train/airplane_0465.off
airplane_0466,airplane,train,airplane/train/airplane_0466.off
airplane_0467,airplane,train,airplane/train/airplane_0467.off
airplane_0468,airplane,train,airplane/train/airplane_0468.off
airplane_0469,airplane,train,airplane/train/airplane_0469.off
airplane_0470,airplane,train,airplane/train/airplane_0470.off
airplane_0471,airplane,train,airplane/train/airplane_0471.off
airplane_0472,airplane,train,airplane/train/airplane_0472.off
airplane_0473,airplane,train,airplane/train/airplane_0473.off
airplane_0474,airplane,train,airplane/train/airplane_0474.off
airplane_0475,airplane,train,airplane/train/airplane_0475.off
airplane_0476,airplane,train,airplane/train/airplane_0476.off
airplane_0477,airplane,train,airplane/train/airplane_0477.off
airplane_0478,airplane,train,airplane/train/airplane_0478.off
airplane_0479,airplane,train,airplane/train/airplane_0479.off
airplane_0480,airplane,train,airplane/train/airplane_0480.off
airplane_0481,airplane,train,airplane/train/airplane_0481.off
airplane_0482,airplane,train,airplane/train/airplane_0482.off
airplane_0483,airplane,train,airplane/train/airplane_0483.off
airplane_0484,airplane,train,airplane/train/airplane_0484.off
airplane_0485,airplane,train,airplane/train/airplane_0485.off
airplane_0486,airplane,train,airplane/train/airplane_0486.off
airplane_0487,airplane,train,airplane/train/airplane_0487.off
airplane_0488,airplane,train,airplane/train/airplane_0488.off
airplane_0489,airplane,train,airplane/train/airplane_0489.off
airplane_0490,airplane,train,airplane/train/airplane_0490.off
airplane_0491,airplane,train,airplane/train/airplane_0491.off
airplane_0492,airplane,train,airplane/train/airplane_0492.off
airplane_0493,airplane,train,airplane/train/airplane_0493.off
airplane_0494,airplane,train,airplane/train/airplane_0494.off
airplane_0495,airplane,train,airplane/train/airplane_0495.off
airplane_0496,airplane,train,airplane/train/airplane_0496.off
airplane_0497,airplane,train,airplane/train/airplane_0497.off
airplane_0498,airplane,train,airplane/train/airplane_0498.off
airplane_0499,airplane,train,airplane/train/airplane_0499.off
airplane_0500,airplane,train,airplane/train/airplane_0500.off
airplane_0501,airplane,train,airplane/train/airplane_0501.off
airplane_0502,airplane,train,airplane/train/airplane_0502.off
airplane_0503,airplane,train,airplane/train/airplane_0503.off
airplane_0504,airplane,train,airplane/train/airplane_0504.off
airplane_0505,airplane,train,airplane/train/airplane_0505.off
airplane_0506,airplane,train,airplane/train/airplane_0506.off
airplane_0507,airplane,train,airplane/train/airplane_0507.off
airplane_0508,airplane,train,airplane/train/airplane_0508.off
airplane_0509,airplane,train,airplane/train/airplane_0509.off
airplane_0510,airplane,train,airplane/train/airplane_0510.off
airplane_0511,airplane,train,airplane/train/airplane_0511.off
airplane_0512,airplane,train,airplane/train/airplane_0512.off
airplane_0513,airplane,train,airplane/train/airplane_0513.off
airplane_0514,airplane,train,airplane/train/airplane_0514.off
airplane_0515,airplane,train,airplane/train/airplane_0515.off
airplane_0516,airplane,train,airplane/train/airplane_0516.off
airplane_0517,airplane,train,airplane/train/airplane_0517.off
airplane_0518,airplane,train,airplane/train/airplane_0518.off
airplane_0519,airplane,train,airplane/train/airplane_0519.off
airplane_0520,airplane,train,airplane/train/airplane_0520.off
airplane_0521,airplane,train,airplane/train/airplane_0521.off
airplane_0522,airplane,train,airplane/train/airplane_0522.off
airplane_0523,airplane,train,airplane/train/airplane_0523.off
airplane_0524,airplane,train,airplane/train/airplane_0524.off
airplane_0525,airplane,train,airplane/train/airplane_0525.off
airplane_0526,airplane,train,airplane/train/airplane_0526.off
airplane_0527,airplane,train,airplane/train/airplane_0527.off
airplane_0528,airplane,train,airplane/train/airplane_0528.off
airplane_0529,airplane,train,airplane/train/airplane_0529.off
airplane_0530,airplane,train,airplane/train/airplane_0530.off
airplane_0531,airplane,train,airplane/train/airplane_0531.off
airplane_0532,airplane,train,airplane/train/airplane_0532.off
airplane_0533,airplane,train,airplane/train/airplane_0533.off
airplane_0534,airplane,train,airplane/train/airplane_0534.off
airplane_0535,airplane,train,airplane/train/airplane_0535.off
airplane_0536,airplane,train,airplane/train/airplane_0536.off
airplane_0537,airplane,train,airplane/train/airplane_0537.off
airplane_0538,airplane,train,airplane/train/airplane_0538.off
airplane_0539,airplane,train,airplane/train/airplane_0539.off
airplane_0540,airplane,train,airplane/train/airplane_0540.off
airplane_0541,airplane,train,airplane/train/airplane_0541.off
airplane_0542,airplane,train,airplane/train/airplane_0542.off
airplane_0543,airplane,train,airplane/train/airplane_0543.off
airplane_0544,airplane,train,airplane/train/airplane_0544.off
airplane_0545,airplane,train,airplane/train/airplane_0545.off
airplane_0546,airplane,train,airplane/train/airplane_0546.off
airplane_0547,airplane,train,airplane/train/airplane_0547.off
airplane_0548,airplane,train,airplane/train/airplane_0548.off
airplane_0549,airplane,train,airplane/train/airplane_0549.off
airplane_0550,airplane,train,airplane/train/airplane_0550.off
airplane_0551,airplane,train,airplane/train/airplane_0551.off
airplane_0552,airplane,train,airplane/train/airplane_0552.off
airplane_0553,airplane,train,airplane/train/airplane_0553.off
airplane_0554,airplane,train,airplane/train/airplane_0554.off
airplane_0555,airplane,train,airplane/train/airplane_0555.off
airplane_0556,airplane,train,airplane/train/airplane_0556.off
airplane_0557,airplane,train,airplane/train/airplane_0557.off
airplane_0558,airplane,train,airplane/train/airplane_0558.off
airplane_0559,airplane,train,airplane/train/airplane_0559.off
airplane_0560,airplane,train,airplane/train/airplane_0560.off
airplane_0561,airplane,train,airplane/train/airplane_0561.off
airplane_0562,airplane,train,airplane/train/airplane_0562.off
airplane_0563,airplane,train,airplane/train/airplane_0563.off
airplane_0564,airplane,train,airplane/train/airplane_0564.off
airplane_0565,airplane,train,airplane/train/airplane_0565.off
airplane_0566,airplane,train,airplane/train/airplane_0566.off
airplane_0567,airplane,train,airplane/train/airplane_0567.off
airplane_0568,airplane,train,airplane/train/airplane_0568.off
airplane_0569,airplane,train,airplane/train/airplane_0569.off
airplane_0570,airplane,train,airplane/train/airplane_0570.off
airplane_0571,airplane,train,airplane/train/airplane_0571.off
airplane_0572,airplane,train,airplane/train/airplane_0572.off
airplane_0573,airplane,train,airplane/train/airplane_0573.off
airplane_0574,airplane,train,airplane/train/airplane_0574.off
airplane_0575,airplane,train,airplane/train/airplane_0575.off
airplane_0576,airplane,train,airplane/train/airplane_0576.off
airplane_0577,airplane,train,airplane/train/airplane_0577.off
airplane_0578,airplane,train,airplane/train/airplane_0578.off
airplane_0579,airplane,train,airplane/train/airplane_0579.off
airplane_0580,airplane,train,airplane/train/airplane_0580.off
airplane_0581,airplane,train,airplane/train/airplane_0581.off
airplane_0582,airplane,train,airplane/train/airplane_0582.off
airplane_0583,airplane,train,airplane/train/airplane_0583.off
airplane_0584,airplane,train,airplane/train/airplane_0584.off
airplane_0585,airplane,train,airplane/train/airplane_0585.off
airplane_0586,airplane,train,airplane/train/airplane_0586.off
airplane_0587,airplane,train,airplane/train/airplane_0587.off
airplane_0588,airplane,train,airplane/train/airplane_0588.off
airplane_0589,airplane,train,airplane/train/airplane_0589.off
airplane_0590,airplane,train,airplane/train/airplane_0590.off
airplane_0591,airplane,train,airplane/train/airplane_0591.off
airplane_0592,airplane,train,airplane/train/airplane_0592.off
airplane_0593,airplane,train,airplane/train/airplane_0593.off
airplane_0594,airplane,train,airplane/train/airplane_0594.off
airplane_0595,airplane,train,airplane/train/airplane_0595.off
airplane_0596,airplane,train,airplane/train/airplane_0596.off
airplane_0597,airplane,train,airplane/train/airplane_0597.off
airplane_0598,airplane,train,airplane/train/airplane_0598.off
airplane_0599,airplane,train,airplane/train/airplane_0599.off
airplane_0600,airplane,train,airplane/train/airplane_0600.off
airplane_0601,airplane,train,airplane/train/airplane_0601.off
airplane_0602,airplane,train,airplane/train/airplane_0602.off
airplane_0603,airplane,train,airplane/train/airplane_0603.off
airplane_0604,airplane,train,airplane/train/airplane_0604.off
airplane_0605,airplane,train,airplane/train/airplane_0605.off
airplane_0606,airplane,train,airplane/train/airplane_0606.off
airplane_0607,airplane,train,airplane/train/airplane_0607.off
airplane_0608,airplane,train,airplane/train/airplane_0608.off
airplane_0609,airplane,train,airplane/train/airplane_0609.off
airplane_0610,airplane,train,airplane/train/airplane_0610.off
airplane_0611,airplane,train,airplane/train/airplane_0611.off
airplane_0612,airplane,train,airplane/train/airplane_0612.off
airplane_0613,airplane,train,airplane/train/airplane_0613.off
airplane_0614,airplane,train,airplane/train/airplane_0614.off
airplane_0615,airplane,train,airplane/train/airplane_0615.off
airplane_0616,airplane,train,airplane/train/airplane_0616.off
airplane_0617,airplane,train,airplane/train/airplane_0617.off
airplane_0618,airplane,train,airplane/train/airplane_0618.off
airplane_0619,airplane,train,airplane/train/airplane_0619.off
airplane_0620,airplane,train,airplane/train/airplane_0620.off
airplane_0621,airplane,train,airplane/train/airplane_0621.off
airplane_0622,airplane,train,airplane/train/airplane_0622.off
airplane_0623,airplane,train,airplane/train/airplane_0623.off
airplane_0624,airplane,train,airplane/train/airplane_0624.off
airplane_0625,airplane,train,airplane/train/airplane_0625.off
airplane_0626,airplane,train,airplane/train/airplane_0626.off
